{
    "0": {
        "accuracy": [
            0.9937570409312805,
            0.9931843785204656,
            0.9935129553135561,
            0.9940292902741269,
            0.9933815245963199,
            0.993447239954938,
            0.9937194303363719,
            0.9936443263643105,
            0.9934565664341573,
            0.9935786103887569
        ],
        "precision": [
            0.9876680574872508,
            0.9865520690549402,
            0.9871920817037683,
            0.9881994953243284,
            0.986935977022144,
            0.9870640127506579,
            0.9875945705384958,
            0.9874480866211807,
            0.9870823062809274,
            0.987320183894409
        ],
        "recall": [
            1.0,
            1.0,
            1.0,
            1.0,
            1.0,
            1.0,
            1.0,
            1.0,
            1.0,
            1.0
        ],
        "f1": [
            0.9937957736623595,
            0.9932305167558697,
            0.9935547658355952,
            0.9940647280600245,
            0.9934250408020517,
            0.993489899084109,
            0.993758571468555,
            0.9936844069219647,
            0.9934991652443177,
            0.9936196410581695
        ]
    },
    "1": {
        "accuracy": [
            0.9618013480763405,
            0.962842699182066,
            0.9632592396243562,
            0.9628805664950015,
            0.963495910330203,
            0.9634485761890337,
            0.9631267040290821,
            0.9649159345652832,
            0.9641680551348076,
            0.963495910330203
        ],
        "precision": [
            0.929024995162794,
            0.9308260340847007,
            0.9315484064412579,
            0.9308916580009517,
            0.9319593450028233,
            0.931877128288371,
            0.9313184391035249,
            0.9344326103110293,
            0.9331283899577746,
            0.9319593450028233
        ],
        "recall": [
            1.0,
            1.0,
            1.0,
            1.0,
            1.0,
            1.0,
            1.0,
            1.0,
            1.0,
            1.0
        ],
        "f1": [
            0.9632067987635297,
            0.9641739003441132,
            0.9645612849616028,
            0.9642091042691665,
            0.964781528569341,
            0.9647374718018503,
            0.9644379924584806,
            0.9661051052698969,
            0.96540756920771,
            0.964781528569341
        ]
    },
    "2": {
        "accuracy": [
            0.9868772241992882,
            0.9863211743772242,
            0.9866548042704626,
            0.9885453736654805,
            0.9867660142348754,
            0.9849866548042705,
            0.984096975088968,
            0.9893238434163701,
            0.9874332740213523,
            0.9850978647686833
        ],
        "precision": [
            0.9744256610316429,
            0.9733708594933969,
            0.9740034662045061,
            0.9776038269188954,
            0.9742145178764897,
            0.9708486288058734,
            0.9691743910325501,
            0.9790940766550522,
            0.9754827511390757,
            0.9710583153347733
        ],
        "recall": [
            1.0,
            1.0,
            1.0,
            1.0,
            1.0,
            1.0,
            1.0,
            1.0,
            1.0,
            1.0
        ],
        "f1": [
            0.9870472008781559,
            0.9865057597366977,
            0.9868305531167691,
            0.9886750962067069,
            0.9869388651081111,
            0.9852087213761368,
            0.9843459222769567,
            0.9894366197183099,
            0.987589236683141,
            0.98531667762437
        ]
    }
}