{
    "0": {
        "accuracy": [
            1.0,
            0.999990612091626,
            1.0,
            1.0,
            1.0,
            1.0,
            1.0,
            1.0,
            1.0,
            1.0
        ],
        "precision": [
            1.0,
            1.0,
            1.0,
            1.0,
            1.0,
            1.0,
            1.0,
            1.0,
            1.0,
            1.0
        ],
        "recall": [
            1.0,
            0.999981224183252,
            1.0,
            1.0,
            1.0,
            1.0,
            1.0,
            1.0,
            1.0,
            1.0
        ],
        "f1": [
            1.0,
            0.9999906120034924,
            1.0,
            1.0,
            1.0,
            1.0,
            1.0,
            1.0,
            1.0,
            1.0
        ]
    },
    "1": {
        "accuracy": [
            0.9730668736746441,
            0.9927673432293245,
            0.9751874431990306,
            0.9931649500151469,
            0.9928904119963647,
            0.9929472129657679,
            0.9931365495304453,
            0.9932406846410179,
            0.9734076794910633,
            0.9930608149045743
        ],
        "precision": [
            0.9777250912984455,
            0.9912605232360603,
            0.9772748882761244,
            0.9911377606818268,
            0.9918938835666913,
            0.9913749174294612,
            0.9920093696280484,
            0.9922527493292015,
            0.9793340106972375,
            0.9915252637738057
        ],
        "recall": [
            0.9681914571342017,
            0.9943009694032111,
            0.973000605877007,
            0.9952287185701303,
            0.9939033626173887,
            0.9945471069372918,
            0.9942820357467435,
            0.9942441684338079,
            0.9672258406543471,
            0.9946228415631627
        ],
        "f1": [
            0.9729349201366098,
            0.9927784184358281,
            0.9751330632536693,
            0.9931790269248938,
            0.9928976063704026,
            0.9929584786533209,
            0.9931444025228598,
            0.9932474607047609,
            0.9732422675011192,
            0.9930716371919808
        ]
    },
    "2": {
        "accuracy": [
            1.0,
            1.0,
            1.0,
            1.0,
            0.9998887900355872,
            1.0,
            1.0,
            1.0,
            1.0,
            1.0
        ],
        "precision": [
            1.0,
            1.0,
            1.0,
            1.0,
            1.0,
            1.0,
            1.0,
            1.0,
            1.0,
            1.0
        ],
        "recall": [
            1.0,
            1.0,
            1.0,
            1.0,
            0.9997775800711743,
            1.0,
            1.0,
            1.0,
            1.0,
            1.0
        ],
        "f1": [
            1.0,
            1.0,
            1.0,
            1.0,
            0.9998887776665554,
            1.0,
            1.0,
            1.0,
            1.0,
            1.0
        ]
    }
}