{
    "0": {
        "accuracy": 0.999995306045813,
        "precision": 1.0,
        "recall": 0.9999906179928134,
        "f1": 0.9999953089744011
    },
    "1": {
        "accuracy": 0.9931223492880945,
        "precision": 0.9921530393957178,
        "recall": 0.9940819984635958,
        "f1": 0.9931165822622899
    },
    "2": {
        "accuracy": 1.0,
        "precision": 1.0,
        "recall": 1.0,
        "f1": 1.0
    }
}