{
    "0": {
        "Accuracy": [
            1.0,
            0.0
        ],
        "F1": [
            1.0,
            0.0
        ],
        "Precision": [
            1.0,
            0.0
        ],
        "Recall": [
            1.0,
            0.0
        ]
    },
    "1": {
        "Accuracy": [
            1.0,
            0.0
        ],
        "F1": [
            1.0,
            0.0
        ],
        "Precision": [
            1.0,
            0.0
        ],
        "Recall": [
            1.0,
            0.0
        ]
    },
    "2": {
        "Accuracy": [
            0.9998521666782791,
            0.0002451435350462405
        ],
        "F1": [
            0.9998522075624388,
            0.0002450243329932603
        ],
        "Precision": [
            0.9997785432802629,
            0.000472614905344158
        ],
        "Recall": [
            0.9999260355029586,
            0.00022189349112426983
        ]
    },
    "3": {
        "Accuracy": [
            0.9998250034965009,
            0.00023478975194961597
        ],
        "F1": [
            0.9998248931453295,
            0.00023498173004501694
        ],
        "Precision": [
            1.0,
            0.0
        ],
        "Recall": [
            0.9996499579537904,
            0.000469689163168075
        ]
    }
}