{
    "0": {
        "Accuracy": [
            0.9950704225352112,
            0.00550017582810327
        ],
        "F1": [
            0.9951243201243202,
            0.005429423238682331
        ],
        "Precision": [
            0.9903538812785389,
            0.010721228385115472
        ],
        "Recall": [
            1.0,
            0.0
        ]
    },
    "1": {
        "Accuracy": [
            1.0,
            0.0
        ],
        "F1": [
            1.0,
            0.0
        ],
        "Precision": [
            1.0,
            0.0
        ],
        "Recall": [
            1.0,
            0.0
        ]
    },
    "2": {
        "Accuracy": [
            0.9894654037785546,
            0.001972196541589026
        ],
        "F1": [
            0.9895793721346939,
            0.0019289613999663405
        ],
        "Precision": [
            0.9793808969292938,
            0.0037785452054190267
        ],
        "Recall": [
            1.0,
            0.0
        ]
    },
    "3": {
        "Accuracy": [
            0.9926156962151816,
            0.00123649383662312
        ],
        "F1": [
            0.9925592728173914,
            0.0012559378175161409
        ],
        "Precision": [
            1.0,
            0.0
        ],
        "Recall": [
            0.9852315383816228,
            0.002471981942373099
        ]
    }
}