{
    "0": {
        "Accuracy": [
            1.0,
            0.0
        ],
        "F1": [
            1.0,
            0.0
        ],
        "Precision": [
            1.0,
            0.0
        ],
        "Recall": [
            1.0,
            0.0
        ]
    },
    "1": {
        "Accuracy": [
            1.0,
            0.0
        ],
        "F1": [
            1.0,
            0.0
        ],
        "Precision": [
            1.0,
            0.0
        ],
        "Recall": [
            1.0,
            0.0
        ]
    },
    "2": {
        "Accuracy": [
            0.9999630314232902,
            0.00011090573012938476
        ],
        "F1": [
            0.9999630040695523,
            0.00011098779134294245
        ],
        "Precision": [
            1.0,
            0.0
        ],
        "Recall": [
            0.9999260355029586,
            0.00022189349112426983
        ]
    },
    "3": {
        "Accuracy": [
            0.9999649982499126,
            0.00010500525026251316
        ],
        "F1": [
            0.9999649982499126,
            0.00010500525026251316
        ],
        "Precision": [
            1.0,
            0.0
        ],
        "Recall": [
            0.9999300209937019,
            0.00020993701889434612
        ]
    }
}