{
    "0": {
        "Accuracy": [
            0.7612676056338029,
            0.025478947204402157
        ],
        "F1": [
            0.6856610463261653,
            0.043426841353269886
        ],
        "Precision": [
            0.9969696969696968,
            0.009090909090909082
        ],
        "Recall": [
            0.523943661971831,
            0.048708778776874885
        ]
    },
    "1": {
        "Accuracy": [
            0.7539735099337748,
            0.02911664967733701
        ],
        "F1": [
            0.6715416781578908,
            0.05158823763077169
        ],
        "Precision": [
            1.0,
            0.0
        ],
        "Recall": [
            0.5078070175438596,
            0.059310454987219687
        ]
    },
    "2": {
        "Accuracy": [
            0.9683226293866032,
            0.0031622776254372213
        ],
        "F1": [
            0.9678544571754377,
            0.0032483727277230344
        ],
        "Precision": [
            0.9822807060321139,
            0.0039339437044808466
        ],
        "Recall": [
            0.9538698246718885,
            0.005375278935497169
        ]
    },
    "3": {
        "Accuracy": [
            0.9668230927291642,
            0.002427435445244556
        ],
        "F1": [
            0.9656777139213165,
            0.0026067632407355463
        ],
        "Precision": [
            1.0,
            0.0
        ],
        "Recall": [
            0.9336455435918245,
            0.004863951601750918
        ]
    }
}