{
    "0": {
        "accuracy": [
            0.999971836274878,
            0.999981224183252,
            0.999971836274878,
            0.999981224183252,
            0.9999436725497559,
            1.0,
            0.9999530600174616,
            0.9999812240069846,
            0.9999624480139694,
            0.9999624480139694
        ],
        "precision": [
            1.0,
            1.0,
            1.0,
            1.0,
            1.0,
            1.0,
            1.0,
            1.0,
            1.0,
            1.0
        ],
        "recall": [
            0.9999436725497559,
            0.9999624483665039,
            0.9999436725497559,
            0.9999624483665039,
            0.9998873450995118,
            1.0,
            0.9999061191535703,
            0.9999624476614282,
            0.9999248967330079,
            0.9999248967330079
        ],
        "f1": [
            0.9999718354816602,
            0.9999812238307141,
            0.9999718354816602,
            0.9999812238307141,
            0.9999436693767956,
            1.0,
            0.9999530573732784,
            0.999981223478163,
            0.9999624469563259,
            0.9999624469563259
        ]
    },
    "1": {
        "accuracy": [
            0.999782262950621,
            0.9998863980611936,
            0.9998295970917903,
            0.9998674644047258,
            0.9998106634353227,
            0.9998485307482581,
            0.999782262950621,
            0.9998863980611936,
            0.999857997576492,
            0.9999147985458952
        ],
        "precision": [
            0.9995647154563864,
            0.9997728477322632,
            0.9996593102926146,
            0.999734999053568,
            0.9996214702097055,
            0.9996971532404604,
            0.9995647154563864,
            0.9997728477322632,
            0.9997160757888361,
            0.9998296261239943
        ],
        "recall": [
            1.0,
            1.0,
            1.0,
            1.0,
            1.0,
            1.0,
            1.0,
            1.0,
            1.0,
            1.0
        ],
        "f1": [
            0.9997823103497231,
            0.9998864109651282,
            0.9998296261239943,
            0.9998674819680821,
            0.9998106992768713,
            0.9998485536877177,
            0.9997823103497231,
            0.9998864109651282,
            0.9998580177383173,
            0.9999148058045645
        ]
    },
    "2": {
        "accuracy": [
            0.9996663701067615,
            0.9996663701067615,
            0.9997775800711743,
            0.9998887900355872,
            0.9997775800711743,
            1.0,
            0.9997775800711743,
            0.9995551601423488,
            0.9998887900355872,
            0.9997775800711743
        ],
        "precision": [
            1.0,
            1.0,
            1.0,
            1.0,
            1.0,
            1.0,
            1.0,
            1.0,
            1.0,
            1.0
        ],
        "recall": [
            0.9993327402135231,
            0.9993327402135231,
            0.9995551601423488,
            0.9997775800711743,
            0.9995551601423488,
            1.0,
            0.9995551601423488,
            0.9991103202846975,
            0.9997775800711743,
            0.9995551601423488
        ],
        "f1": [
            0.9996662587607075,
            0.9996662587607075,
            0.999777530589544,
            0.9998887776665554,
            0.999777530589544,
            1.0,
            0.999777530589544,
            0.9995549621717846,
            0.9998887776665554,
            0.999777530589544
        ]
    }
}